<?xml version="1.0" encoding="utf-8"?>
<Profile xmlns:xsi="http://www.w3.org/2001/XMLSchema-instance"
  xsi:noNamespaceSchemaLocation="http://schemas.bluetooth.org/Documents/profile.xsd"
  name="Project Zero"
  type="com.ti.projectzero.profile.project_zero"
  uuid="f0005f6b-0451-4000-b000-000000000000">
  <InformativeText>
    <Abstract>This profile enables a Project Zero controller device to connect and interact with the LED(s) and Button(s) on the embedded application running Project Zero</Abstract>
    <InformativeDisclaimer />
    <Summary>The Project Zero profile is used to enable a controlling/monitoring device to obtain and modify the state of the LEDs and Buttons on the hardware platform running Project Zero.</Summary>
    <Examples />
  </InformativeText>
  <Role
    name="EMBEDDED TEST APPLICATIOn">
    <Service
      type="com.ti.projectzero.service.led_service">
      <Declaration>Primary</Declaration>
      <Requirement>Mandatory</Requirement>
      <Characteristic
        type="com.ti.projectzero.characteristic.led0">
        <Requirement>Mandatory</Requirement>
      </Characteristic>
      <Characteristic
        type="com.ti.projectzero.characteristic.led1">
        <Requirement>Mandatory</Requirement>
      </Characteristic>
    </Service>
    <Service
      type="com.ti.projectzero.service.button_service">
      <Declaration>Primary</Declaration>
      <Requirement>Mandatory</Requirement>
      <Characteristic
        type="com.ti.projectzero.characteristic.button0">
        <Requirement>Mandatory</Requirement>
      </Characteristic>
      <Characteristic
        type="com.ti.projectzero.characteristic.button1">
        <Requirement>Mandatory</Requirement>
      </Characteristic>
    </Service>
    <Service
      type="com.ti.projectzero.service.data_service">
      <Declaration>Primary</Declaration>
      <Requirement>Mandatory</Requirement>
      <Characteristic
        type="com.ti.projectzero.characteristic.string">
        <Requirement>Mandatory</Requirement>
      </Characteristic>
      <Characteristic
        type="com.ti.projectzero.characteristic.stream">
        <Requirement>Mandatory</Requirement>
      </Characteristic>
    </Service>
  </Role>
  <Role
    name="CONTROLLER/MONITOr">
    <Client
      type="com.ti.projectzero.service.led_service">
      <Requirement>Mandatory</Requirement>
    </Client>
    <Client
      type="com.ti.projectzero.service.button_service">
      <Requirement>Mandatory</Requirement>
    </Client>
    <Client
      type="com.ti.projectzero.service.data_service">
      <Requirement>Mandatory</Requirement>
    </Client>
  </Role>
</Profile>