<?xml version="1.0" encoding="utf-8"?>
<Characteristic xmlns:xsi="http://www.w3.org/2001/XMLSchema-instance"
  xsi:noNamespaceSchemaLocation="http://schemas.bluetooth.org/Documents/characteristic.xsd"
  type="com.ti.projectzero.characteristic.stream"
  uuid="f0001132-0451-4000-b000-000000000000"
  name="Stream">
  <InformativeText>
    <Abstract />
    <InformativeDisclaimer />
    <Summary>Intended for use with WriteNoRsp and Notification with sizes up to ATT_MTU, as this method is ideal for streaming.</Summary>
    <Examples />
  </InformativeText>
  <Value>
    <Field
      name="Stream">
      <Requirement>Mandatory</Requirement>
      <Unit>org.bluetooth.unit.unitless</Unit>
      <Repeated>false</Repeated>
    </Field>
  </Value>
</Characteristic>