<?xml version="1.0" encoding="utf-8"?>
<Characteristic xmlns:xsi="http://www.w3.org/2001/XMLSchema-instance"
  xsi:noNamespaceSchemaLocation="http://schemas.bluetooth.org/Documents/characteristic.xsd"
  type="com.ti.projectzero.characteristic.string"
  uuid="f0001131-0451-4000-b000-000000000000"
  name="String">
  <InformativeText>
    <Abstract />
    <InformativeDisclaimer />
    <Summary>Intended to demonstrate reliable/long writes and reads, extending over the max MTU size. This method is good for configuration and/or semi-static values, but due to the Bluetooth Low Energy protocol, it's not ideal for streaming/throughput.</Summary>
    <Examples />
  </InformativeText>
  <Value>
    <Field
      name="String">
      <Requirement>Mandatory</Requirement>
      <Format>uint8[]</Format>
      <Unit>org.bluetooth.unit.unitless</Unit>
      <Repeated>false</Repeated>
    </Field>
  </Value>
</Characteristic>