<?xml version="1.0" encoding="utf-8"?>
<Service xmlns:xsi="http://www.w3.org/2001/XMLSchema-instance"
  xsi:noNamespaceSchemaLocation="http://schemas.bluetooth.org/Documents/service.xsd"
  type="com.ti.projectzero.service.led_service"
  uuid="f0001110-0451-4000-b000-000000000000"
  name="LED Service">
  <InformativeText>
    <Abstract>This service allows control and monitoring of the device LEDs.</Abstract>
    <InformativeDisclaimer />
    <Summary>The LED service exposes LED0 and LED1</Summary>
    <Examples>
      <Example />
    </Examples>
  </InformativeText>
  <Characteristics>
    <Characteristic
      type="com.ti.projectzero.characteristic.led0"
      name="LED0">
      <Requirement>Optional</Requirement>
      <Properties>
        <Read>Mandatory</Read>
        <Write>Mandatory</Write>
        <WriteWithoutResponse>Mandatory</WriteWithoutResponse>
        <SignedWrite>Excluded</SignedWrite>
        <ReliableWrite>Excluded</ReliableWrite>
        <Notify>Excluded</Notify>
        <Indicate>Excluded</Indicate>
        <WritableAuxiliaries>Excluded</WritableAuxiliaries>
        <Broadcast>Excluded</Broadcast>
        <ExtendedProperties>Excluded</ExtendedProperties>
      </Properties>
    </Characteristic>
    <Characteristic
      type="com.ti.projectzero.characteristic.led1"
      name="LED1">
      <Requirement>Optional</Requirement>
      <Properties>
        <Read>Mandatory</Read>
        <Write>Mandatory</Write>
        <WriteWithoutResponse>Mandatory</WriteWithoutResponse>
        <SignedWrite>Excluded</SignedWrite>
        <ReliableWrite>Excluded</ReliableWrite>
        <Notify>Excluded</Notify>
        <Indicate>Excluded</Indicate>
        <WritableAuxiliaries>Excluded</WritableAuxiliaries>
        <Broadcast>Excluded</Broadcast>
        <ExtendedProperties>Excluded</ExtendedProperties>
      </Properties>
    </Characteristic>
  </Characteristics>
</Service>