<?xml version="1.0" encoding="utf-8"?>
<Service xmlns:xsi="http://www.w3.org/2001/XMLSchema-instance"
  xsi:noNamespaceSchemaLocation="http://schemas.bluetooth.org/Documents/service.xsd"
  type="com.ti.projectzero.service.data_service"
  uuid="f0001130-0451-4000-b000-000000000000"
  name="Data Service">
  <Transports>
    <Classic>false</Classic>
    <LowEnergy>true</LowEnergy>
  </Transports>
  <Characteristics>
    <Characteristic
      type="com.ti.projectzero.characteristic.string"
      name="String">
      <Requirement>Optional</Requirement>
      <Properties>
        <Read>Mandatory</Read>
        <Write>Mandatory</Write>
        <WriteWithoutResponse>Excluded</WriteWithoutResponse>
        <SignedWrite>Excluded</SignedWrite>
        <ReliableWrite>Excluded</ReliableWrite>
        <Notify>Excluded</Notify>
        <Indicate>Excluded</Indicate>
        <WritableAuxiliaries>Excluded</WritableAuxiliaries>
        <Broadcast>Excluded</Broadcast>
        <ExtendedProperties>Excluded</ExtendedProperties>
      </Properties>
    </Characteristic>
    <Characteristic
      type="com.ti.projectzero.characteristic.stream"
      name="Stream">
      <Requirement>Optional</Requirement>
      <Properties>
        <Read>Excluded</Read>
        <Write>Excluded</Write>
        <WriteWithoutResponse>Mandatory</WriteWithoutResponse>
        <SignedWrite>Excluded</SignedWrite>
        <ReliableWrite>Excluded</ReliableWrite>
        <Notify>Mandatory</Notify>
        <Indicate>Excluded</Indicate>
        <WritableAuxiliaries>Excluded</WritableAuxiliaries>
        <Broadcast>Excluded</Broadcast>
        <ExtendedProperties>Excluded</ExtendedProperties>
      </Properties>
    </Characteristic>
  </Characteristics>
</Service>