<?xml version="1.0" encoding="utf-8"?>
<Service xmlns:xsi="http://www.w3.org/2001/XMLSchema-instance"
  xsi:noNamespaceSchemaLocation="http://schemas.bluetooth.org/Documents/service.xsd"
  type="com.ti.projectzero.service.button_service"
  uuid="f0001120-0451-4000-b000-000000000000"
  name="Button Service">
  <Characteristics>
    <Characteristic
      type="com.ti.projectzero.characteristic.button0"
      name="BUTTON0">
      <Requirement>Optional</Requirement>
      <Properties>
        <Read>Mandatory</Read>
        <Write>Excluded</Write>
        <WriteWithoutResponse>Excluded</WriteWithoutResponse>
        <SignedWrite>Excluded</SignedWrite>
        <ReliableWrite>Excluded</ReliableWrite>
        <Notify>Mandatory</Notify>
        <Indicate>Excluded</Indicate>
        <WritableAuxiliaries>Excluded</WritableAuxiliaries>
        <Broadcast>Excluded</Broadcast>
        <ExtendedProperties>Excluded</ExtendedProperties>
      </Properties>
    </Characteristic>
    <Characteristic
      type="com.ti.projectzero.characteristic.button1"
      name="BUTTON1">
      <Requirement>Optional</Requirement>
      <Properties>
        <Read>Mandatory</Read>
        <Write>Excluded</Write>
        <WriteWithoutResponse>Excluded</WriteWithoutResponse>
        <SignedWrite>Excluded</SignedWrite>
        <ReliableWrite>Excluded</ReliableWrite>
        <Notify>Mandatory</Notify>
        <Indicate>Excluded</Indicate>
        <WritableAuxiliaries>Excluded</WritableAuxiliaries>
        <Broadcast>Excluded</Broadcast>
        <ExtendedProperties>Excluded</ExtendedProperties>
      </Properties>
    </Characteristic>
  </Characteristics>
</Service>