<?xml version="1.0" encoding="utf-8"?>
<Characteristic xmlns:xsi="http://www.w3.org/2001/XMLSchema-instance"
  xsi:noNamespaceSchemaLocation="http://schemas.bluetooth.org/Documents/characteristic.xsd"
  type="com.ti.projectzero.characteristic.button1"
  uuid="f0001122-0451-4000-b000-000000000000"
  name="BUTTON1">
  <InformativeText>
    <Abstract />
    <InformativeDisclaimer />
    <Summary>Read or subscribe to notifications of button 0 state changes</Summary>
    <Examples />
  </InformativeText>
  <Value>
    <Field
      name="Value">
      <Requirement>Mandatory</Requirement>
      <Format>uint8</Format>
      <Unit>org.bluetooth.unit.unitless</Unit>
      <Repeated>false</Repeated>
    </Field>
  </Value>
</Characteristic>