<?xml version="1.0" encoding="utf-8"?>
<Service xmlns:xsi="http://www.w3.org/2001/XMLSchema-instance"
  xsi:noNamespaceSchemaLocation="http://schemas.bluetooth.org/Documents/service.xsd"
  type="com.ti.simplegattprofile.service.simple_gatt_service"
  uuid="fff0"
  name="Simple GATT Service">
  <Transports>
    <Classic>false</Classic>
    <LowEnergy>true</LowEnergy>
  </Transports>
  <Characteristics>
    <Characteristic
      type="com.ti.simplegattprofile.characteristic.characteristic_1"
      name="Characteristic 1">
      <Requirement>Optional</Requirement>
      <Properties>
        <Read>Mandatory</Read>
        <Write>Mandatory</Write>
        <WriteWithoutResponse>Excluded</WriteWithoutResponse>
        <SignedWrite>Excluded</SignedWrite>
        <ReliableWrite>Excluded</ReliableWrite>
        <Notify>Excluded</Notify>
        <Indicate>Excluded</Indicate>
        <WritableAuxiliaries>Excluded</WritableAuxiliaries>
        <Broadcast>Excluded</Broadcast>
        <ExtendedProperties>Excluded</ExtendedProperties>
      </Properties>
    </Characteristic>
    <Characteristic
      type="com.ti.simplegattprofile.characteristic.characteristic_2"
      name="Characteristic 2">
      <Requirement>Optional</Requirement>
      <Properties>
        <Read>Mandatory</Read>
        <Write>Excluded</Write>
        <WriteWithoutResponse>Excluded</WriteWithoutResponse>
        <SignedWrite>Excluded</SignedWrite>
        <ReliableWrite>Excluded</ReliableWrite>
        <Notify>Excluded</Notify>
        <Indicate>Excluded</Indicate>
        <WritableAuxiliaries>Excluded</WritableAuxiliaries>
        <Broadcast>Excluded</Broadcast>
        <ExtendedProperties>Excluded</ExtendedProperties>
      </Properties>
    </Characteristic>
    <Characteristic
      type="com.ti.simplegattprofile.characteristic.characteristic_3"
      name="Characteristic 3">
      <Requirement>Optional</Requirement>
      <Properties>
        <Read>Excluded</Read>
        <Write>Mandatory</Write>
        <WriteWithoutResponse>Excluded</WriteWithoutResponse>
        <SignedWrite>Excluded</SignedWrite>
        <ReliableWrite>Excluded</ReliableWrite>
        <Notify>Excluded</Notify>
        <Indicate>Excluded</Indicate>
        <WritableAuxiliaries>Excluded</WritableAuxiliaries>
        <Broadcast>Excluded</Broadcast>
        <ExtendedProperties>Excluded</ExtendedProperties>
      </Properties>
    </Characteristic>
    <Characteristic
      type="com.ti.simplegattprofile.characteristic.characteristic_4"
      name="Characteristic 4">
      <Requirement>Optional</Requirement>
      <Properties>
        <Read>Excluded</Read>
        <Write>Excluded</Write>
        <WriteWithoutResponse>Excluded</WriteWithoutResponse>
        <SignedWrite>Excluded</SignedWrite>
        <ReliableWrite>Excluded</ReliableWrite>
        <Notify>Mandatory</Notify>
        <Indicate>Excluded</Indicate>
        <WritableAuxiliaries>Excluded</WritableAuxiliaries>
        <Broadcast>Excluded</Broadcast>
        <ExtendedProperties>Excluded</ExtendedProperties>
      </Properties>
    </Characteristic>
    <Characteristic
      type="com.ti.simplegattprofile.characteristic.characteristic_5"
      name="Characteristic 5">
      <Requirement>Optional</Requirement>
      <Properties>
        <Read>Mandatory</Read>
        <Write>Excluded</Write>
        <WriteWithoutResponse>Excluded</WriteWithoutResponse>
        <SignedWrite>Excluded</SignedWrite>
        <ReliableWrite>Excluded</ReliableWrite>
        <Notify>Excluded</Notify>
        <Indicate>Excluded</Indicate>
        <WritableAuxiliaries>Excluded</WritableAuxiliaries>
        <Broadcast>Excluded</Broadcast>
        <ExtendedProperties>Excluded</ExtendedProperties>
      </Properties>
    </Characteristic>
  </Characteristics>
</Service>