<?xml version="1.0" encoding="utf-8"?>
<Characteristic xmlns:xsi="http://www.w3.org/2001/XMLSchema-instance"
  xsi:noNamespaceSchemaLocation="http://schemas.bluetooth.org/Documents/characteristic.xsd"
  type="com.ti.simplegattprofile.characteristic.characteristic_1"
  uuid="fff1"
  name="Characteristic 1">
  <Value>
    <Field
      name="New Field">
      <Requirement>Mandatory</Requirement>
      <Format>uint8</Format>
      <Unit>org.bluetooth.unit.unitless</Unit>
      <Repeated>false</Repeated>
    </Field>
  </Value>
</Characteristic>