<?xml version="1.0"?>
<GAPSettings xmlns:xsi="http://www.w3.org/2001/XMLSchema-instance" xmlns:xsd="http://www.w3.org/2001/XMLSchema">
  <DeviceName>Test BLE Peripheral</DeviceName>
  <UseShortName>false</UseShortName>
  <ShortNameBytes>0</ShortNameBytes>
  <DiscoveryMode>1</DiscoveryMode>
  <BDEDRNotSupported>false</BDEDRNotSupported>
  <SimultaneousLEAndBDRController>false</SimultaneousLEAndBDRController>
  <SimultaneousLEAndBDRHost>false</SimultaneousLEAndBDRHost>
  <TXPower>0</TXPower>
  <SlaveConnectionInterval>0000FFFF</SlaveConnectionInterval>
  <Appearance>0000</Appearance>
  <PublicTargetAddress>false</PublicTargetAddress>
  <MinAdvertisingInterval>0</MinAdvertisingInterval>
  <MaxAdvertisingInterval>255</MaxAdvertisingInterval>
  <AdvertisingChannel37>false</AdvertisingChannel37>
  <AdvertisingChannel38>false</AdvertisingChannel38>
  <AdvertisingChannel39>false</AdvertisingChannel39>
  <AdvertisingPolicy>0</AdvertisingPolicy>
  <AssociationModel>0</AssociationModel>
  <SecurityMode>0</SecurityMode>
  <AddressType>0</AddressType>
  <PeripheralPrivacy>false</PeripheralPrivacy>
  <Packet>
    <AppearanceResponse>false</AppearanceResponse>
    <AppearanceAdvertise>false</AppearanceAdvertise>
    <DeviceNameResponse>true</DeviceNameResponse>
    <DeviceNameAdvertise>false</DeviceNameAdvertise>
    <FlagsResponse>false</FlagsResponse>
    <FlagsAdvertise>true</FlagsAdvertise>
    <ManufacturerDataResponse>false</ManufacturerDataResponse>
    <ManufacturerDataAdvertise>false</ManufacturerDataAdvertise>
    <PublicTargetAddressResponse>false</PublicTargetAddressResponse>
    <PublicTargetAddressAdvertise>false</PublicTargetAddressAdvertise>
    <ServicesResponse>false</ServicesResponse>
    <ServicesAdvertise>true</ServicesAdvertise>
    <SlaveConnectionResponse>false</SlaveConnectionResponse>
    <SlaveConnectionAdvertise>false</SlaveConnectionAdvertise>
    <TXPowerResponse>false</TXPowerResponse>
    <TXPowerAdvertise>true</TXPowerAdvertise>
    <ServiceSolicitationResponse>false</ServiceSolicitationResponse>
    <ServiceSolicitationAdvertise>false</ServiceSolicitationAdvertise>
    <ServiceDataResponse>false</ServiceDataResponse>
    <ServiceDataAdvertise>false</ServiceDataAdvertise>
  </Packet>
  <Services>
    <GAPServiceSettings>
      <SelectedAdvertise>true</SelectedAdvertise>
      <SelectedData>false</SelectedData>
      <SelectedSolicitation>false</SelectedSolicitation>
      <Name>Simple GATT Service</Name>
      <UUID>fff0</UUID>
    </GAPServiceSettings>
  </Services>
</GAPSettings>