<?xml version="1.0" encoding="utf-8"?>
<Profile xmlns:xsi="http://www.w3.org/2001/XMLSchema-instance"
  xsi:noNamespaceSchemaLocation="http://schemas.bluetooth.org/Documents/profile.xsd"
  name="Simple GATT Profile"
  type="com.ti.simplegattprofile.profile.simple_gatt_profile"
  uuid="6272904d-95a5-470e-b806-832093c03cca">
  <InformativeText>
    <Abstract />
    <InformativeDisclaimer />
    <Summary />
    <Examples />
  </InformativeText>
  <Role
    name="New Profile Service">
    <Service
      type="com.ti.simplegattprofile.service.simple_gatt_service">
      <Declaration>Primary</Declaration>
      <Requirement>Mandatory</Requirement>
      <Characteristic
        type="com.ti.simplegattprofile.characteristic.characteristic_1">
        <Requirement>Mandatory</Requirement>
      </Characteristic>
      <Characteristic
        type="com.ti.simplegattprofile.characteristic.characteristic_2">
        <Requirement>Mandatory</Requirement>
      </Characteristic>
      <Characteristic
        type="com.ti.simplegattprofile.characteristic.characteristic_3">
        <Requirement>Mandatory</Requirement>
      </Characteristic>
      <Characteristic
        type="com.ti.simplegattprofile.characteristic.characteristic_4">
        <Requirement>Mandatory</Requirement>
      </Characteristic>
      <Characteristic
        type="com.ti.simplegattprofile.characteristic.characteristic_5">
        <Requirement>Mandatory</Requirement>
      </Characteristic>
    </Service>
  </Role>
  <Role
    name="New Profile Client">
    <Client
      type="com.ti.simplegattprofile.service.simple_gatt_service">
      <Requirement>Mandatory</Requirement>
    </Client>
  </Role>
</Profile>